{
  "sensor_mean": [
    [
      970.24726,
      1069.6473,
      951.16694,
      768.70946,
      976.367,
      1063.24762,
      943.36458,
      768.70868,
      1081.8811,
      1073.3331,
      1076.60478,
      1066.1938,
      1147.50212,
      1093.5963,
      1162.78592,
      1162.70934
    ]
  ],
  "sensor_std": [
    [
      1277.9595348063617,
      1279.1238122960224,
      1277.8035424238878,
      1165.337294334352,
      1282.951822162859,
      1281.213800341042,
      1267.3447703057855,
      1159.1726305829766,
      1273.1277120865723,
      1273.7635933344893,
      1275.1468418269135,
      1276.2024091975222,
      1253.8324085760048,
      1265.8847289727094,
      1244.4691456238493,
      1244.438991183081
    ]
  ],
  "albedo_mean": 0.40063180800000003,
  "albedo_std": 0.17328204615784965,
  "angle_mean": 107.7608042,
  "angle_std": 28.397293289806026,
  "sun_mean": [
    [
      0.0018056674731864156,
      0.0009173006073478189,
      0.0009976050579058112
    ]
  ],
  "sun_std": [
    [
      0.5772186329313477,
      0.5789112727031919,
      0.5759125550313687
    ]
  ]
}