{
  "sensor_mean": [
    [
      761.88125,
      829.02798,
      739.82289,
      599.64371,
      771.5776,
      847.85564,
      763.81421,
      618.99999,
      834.92807,
      829.32387,
      839.8437,
      830.6745,
      893.93087,
      854.96858,
      909.9924,
      909.9348
    ]
  ],
  "sensor_std": [
    [
      957.1447333023557,
      953.9967566910905,
      954.4633459395118,
      871.4602944985135,
      955.1481018031915,
      950.1782982894265,
      953.5767687040598,
      872.6070064754235,
      949.0520003013929,
      949.7438826958683,
      951.2698636718762,
      952.6244263243253,
      934.8082301686496,
      945.1836306309921,
      926.8319190890223,
      926.7888841634647
    ]
  ],
  "albedo_mean": 0.399788699,
  "albedo_std": 0.17374414680094233,
  "angle_mean": 110.94722920000002,
  "angle_std": 26.898387378180637,
  "sun_mean": [
    [
      -0.0021690232264516087,
      -0.000692340267195296,
      0.00018171091061099275
    ]
  ],
  "sun_std": [
    [
      0.5781760662718235,
      0.5774682858937829,
      0.5764005362260517
    ]
  ]
}